method,dataset,experiment_folder,nq,nb,nb_sample,dim,n_subquantizers,nbits,bits_per_vector,train_size,train_time_s,encoding_time_s,distance_table_time_s,cdist_time_s,adc_time_s,rel_error_mean,rel_error_std,reconstruction_error,reconstruction_error_time_s
PQ,gist,/data/cpanourg/2-hdvc/results/relerr_cpp/pq/gist/subq1_nbits4_train500000_20260209_005609,1000,1000000,10000,960,1,4,4,500000,62.60072,15.750134,0.191874,43.670812,0.24804,0.357346,0.172496,,
PQ,gist,/data/cpanourg/2-hdvc/results/relerr_cpp/pq/gist/subq3_nbits4_train500000_20260209_005621,1000,1000000,10000,960,3,4,12,500000,81.873427,14.183149,0.596107,38.578047,0.414652,0.32812,0.151148,,
PQ,gist,/data/cpanourg/2-hdvc/results/relerr_cpp/pq/gist/subq5_nbits4_train500000_20260209_005635,1000,1000000,10000,960,5,4,20,500000,88.257272,19.526595,0.909893,40.24559,0.922958,0.323222,0.145199,,
PQ,gist,/data/cpanourg/2-hdvc/results/relerr_cpp/pq/gist/subq8_nbits4_train500000_20260209_005715,1000,1000000,10000,960,8,4,32,500000,122.545418,22.852516,1.648098,40.885847,0.708996,0.314261,0.139552,,
PQ,gist,/data/cpanourg/2-hdvc/results/relerr_cpp/pq/gist/subq12_nbits4_train500000_20260209_005746,1000,1000000,10000,960,12,4,48,500000,157.525226,27.265406,2.079936,30.727065,1.481054,0.296187,0.132608,,
PQ,gist,/data/cpanourg/2-hdvc/results/relerr_cpp/pq/gist/subq3_nbits12_train500000_20260209_011503,1000,1000000,10000,960,3,12,36,500000,293.306473,124.12254,3.464383,60.180835,1.858638,0.242047,0.120555,,
PQ,gist,/data/cpanourg/2-hdvc/results/relerr_cpp/pq/gist/subq12_nbits8_train500000_20260209_011737,1000,1000000,10000,960,12,8,96,500000,560.174293,99.984023,12.407189,72.800497,1.75694,0.234728,0.111647,,
PQ,gist,/data/cpanourg/2-hdvc/results/relerr_cpp/pq/gist/subq8_nbits10_train500000_20260209_011833,1000,1000000,10000,960,8,10,80,500000,484.764437,117.068223,15.621376,81.736253,5.545994,0.235809,0.111488,,
PQ,gist,/data/cpanourg/2-hdvc/results/relerr_cpp/pq/gist/subq12_nbits10_train500000_20260209_011928,1000,1000000,10000,960,12,10,120,500000,590.594586,127.107557,16.666853,75.412409,6.156625,0.213164,0.103071,,
PQ,gist,/data/cpanourg/2-hdvc/results/relerr_cpp/pq/gist/subq20_nbits10_train500000_20260209_012313,1000,1000000,10000,960,20,10,200,500000,772.169668,158.161886,23.283434,79.908902,7.221349,0.183803,0.090667,,
PQ,gist,/data/cpanourg/2-hdvc/results/relerr_cpp/pq/gist/subq20_nbits12_train500000_20260209_012647,1000,1000000,10000,960,20,12,240,500000,705.667367,393.157984,23.32664,65.530501,13.581443,0.163567,0.083475,,
PQ,gist,/data/cpanourg/2-hdvc/results/relerr_cpp/pq/gist/subq40_nbits8_train500000_20260209_012658,1000,1000000,10000,960,40,8,320,500000,1173.316717,172.444544,19.94746,62.752739,2.653165,0.166951,0.085496,,
PQ,gist,/data/cpanourg/2-hdvc/results/relerr_cpp/pq/gist/subq40_nbits10_train500000_20260209_013229,1000,1000000,10000,960,40,10,400,500000,1091.674633,283.00534,37.902695,127.010111,13.331987,0.142234,0.075279,,
PQ,gist,/data/cpanourg/2-hdvc/results/relerr_cpp/pq/gist/subq60_nbits8_train500000_20260209_013650,1000,1000000,10000,960,60,8,480,500000,1673.74706,293.557138,30.745094,65.044138,4.52264,0.14266,0.080318,,
PQ,gist,/data/cpanourg/2-hdvc/results/relerr_cpp/pq/gist/subq60_nbits10_train500000_20260209_013712,1000,1000000,10000,960,60,10,600,500000,1370.482043,417.295527,46.285561,60.114914,18.208675,0.117094,0.068698,,
PQ,gist,/data/cpanourg/2-hdvc/results/relerr_cpp/pq/gist/subq80_nbits8_train500000_20260209_014207,1000,1000000,10000,960,80,8,640,500000,1894.431176,255.032408,0.507059,63.012162,6.356808,0.120676,0.071113,,
PQ,gist,/data/cpanourg/2-hdvc/results/relerr_cpp/pq/gist/subq80_nbits10_train500000_20260209_015028,1000,1000000,10000,960,80,10,800,500000,1864.102294,654.009238,1.915814,103.477426,61.696158,0.094806,0.059132,,
PQ,gist,/data/cpanourg/2-hdvc/results/relerr_cpp/pq/gist/subq120_nbits8_train500000_20260209_015337,1000,1000000,10000,960,120,8,960,500000,2510.812544,278.653198,0.957762,87.201594,11.543074,0.083637,0.057889,,
PQ,gist,/data/cpanourg/2-hdvc/results/relerr_cpp/pq/gist/subq120_nbits10_train500000_20260209_020259,1000,1000000,10000,960,120,10,1200,500000,2506.015338,837.67047,2.489857,66.716759,38.521984,0.061025,0.044861,,
PQ,gist,/data/cpanourg/2-hdvc/results/relerr_cpp/pq/gist/subq80_nbits12_train500000_20260209_021504,1000,1000000,10000,960,80,12,960,500000,1786.43811,2193.2999,6.117188,58.975289,39.171494,0.07501,0.049399,,
PQ,gist,/data/cpanourg/2-hdvc/results/relerr_cpp/pq/gist/subq320_nbits4_train500000_20260209_022240,1000,1000000,10000,960,320,4,1280,500000,5165.494769,44.407091,0.104518,47.019504,56.247806,0.076946,0.06917,,
PQ,gist,/data/cpanourg/2-hdvc/results/relerr_cpp/pq/gist/subq120_nbits12_train500000_20260209_022501,1000,1000000,10000,960,120,12,1440,500000,2366.549499,2079.381741,5.023631,42.142577,47.437842,0.045403,0.035368,,
PQ,gist,/data/cpanourg/2-hdvc/results/relerr_cpp/pq/gist/subq320_nbits6_train500000_20260209_022941,1000,1000000,10000,960,320,6,1920,500000,5078.251461,76.968729,0.189763,43.83248,52.241713,0.037884,0.038929,,
PQ,gist,/data/cpanourg/2-hdvc/results/relerr_cpp/pq/gist/subq320_nbits8_train500000_20260209_023012,1000,1000000,10000,960,320,8,2560,500000,4835.400721,210.061634,0.978118,45.477312,13.066701,0.020233,0.022778,,
PQ,gist,/data/cpanourg/2-hdvc/results/relerr_cpp/pq/gist/subq320_nbits10_train500000_20260209_023723,1000,1000000,10000,960,320,10,3200,500000,4691.728774,595.954265,3.051232,39.890919,92.918038,0.011641,0.014357,,
PQ,gist,/data/cpanourg/2-hdvc/results/relerr_cpp/pq/gist/subq480_nbits8_train500000_20260209_025055,1000,1000000,10000,960,480,8,3840,500000,6087.281596,192.151488,1.162272,49.082197,18.291035,0.009444,0.013742,,
PQ,gist,/data/cpanourg/2-hdvc/results/relerr_cpp/pq/gist/subq320_nbits12_train500000_20260209_030301,1000,1000000,10000,960,320,12,3840,500000,4854.265844,1827.535095,12.843922,27.862858,147.810241,0.007337,0.009973,,
PQ,gist,/data/cpanourg/2-hdvc/results/relerr_cpp/pq/gist/subq480_nbits10_train500000_20260209_030444,1000,1000000,10000,960,480,10,4800,500000,6273.339439,718.891305,3.321589,26.76908,110.867757,0.004872,0.008017,,
PQ,gist,/data/cpanourg/2-hdvc/results/relerr_cpp/pq/gist/subq480_nbits12_train500000_20260209_031937,1000,1000000,10000,960,480,12,5760,500000,6165.908376,1680.702969,6.535123,16.492095,84.993943,0.002688,0.005287,,
PQ,gist,/data/cpanourg/2-hdvc/results/relerr_cpp/pq/gist/subq960_nbits6_train500000_20260209_032836,1000,1000000,10000,960,960,6,5760,500000,8602.184861,62.854445,0.406111,13.189068,108.579769,0.007174,0.014291,,
PQ,gist,/data/cpanourg/2-hdvc/results/relerr_cpp/pq/gist/subq960_nbits8_train500000_20260209_032852,1000,1000000,10000,960,960,8,7680,500000,8564.011226,167.927626,0.994076,14.600807,19.34544,0.002947,0.007156,,
PQ,gist,/data/cpanourg/2-hdvc/results/relerr_cpp/pq/gist/subq960_nbits10_train500000_20260209_033308,1000,1000000,10000,960,960,10,9600,500000,8342.72339,376.045599,1.853218,11.110494,52.493095,0.00102,0.003783,,
PQ,gist,/data/cpanourg/2-hdvc/results/relerr_cpp/pq/gist/subq960_nbits12_train500000_20260209_045925,1000,1000000,10000,960,960,12,11520,500000,12742.199452,1048.504945,6.446359,10.783029,78.484434,0.000176,0.001797,,
PQ,gist,/data/cpanourg/2-hdvc/results/relerr_cpp/pq/gist/subq1_nbits6_train500000_20260209_100827,1000,1000000,10000,960,1,6,6,500000,101.128238,15.36026,0.466635,55.045418,0.30772,0.32778,0.162743,,
PQ,gist,/data/cpanourg/2-hdvc/results/relerr_cpp/pq/gist/subq1_nbits8_train500000_20260209_100842,1000,1000000,10000,960,1,8,8,500000,70.251526,41.767256,1.439963,64.215218,0.126579,0.305965,0.153108,,
PQ,gist,/data/cpanourg/2-hdvc/results/relerr_cpp/pq/gist/subq3_nbits6_train500000_20260209_100929,1000,1000000,10000,960,3,6,18,500000,143.327124,22.868885,1.322445,63.263821,0.838763,0.298898,0.140813,,
PQ,gist,/data/cpanourg/2-hdvc/results/relerr_cpp/pq/gist/subq1_nbits12_train500000_20260209_100930,1000,1000000,10000,960,1,12,12,500000,85.395467,74.295939,3.527993,69.948251,0.565119,0.270105,0.141862,,
PQ,gist,/data/cpanourg/2-hdvc/results/relerr_cpp/pq/gist/subq3_nbits10_train500000_20260209_100947,1000,1000000,10000,960,3,10,30,500000,112.339448,56.41089,2.543722,78.219555,2.033038,0.257889,0.124948,,
PQ,gist,/data/cpanourg/2-hdvc/results/relerr_cpp/pq/gist/subq3_nbits8_train500000_20260209_101011,1000,1000000,10000,960,3,8,24,500000,160.418738,63.363293,1.643683,50.591444,0.29897,0.276762,0.132255,,
PQ,gist,/data/cpanourg/2-hdvc/results/relerr_cpp/pq/gist/subq1_nbits10_train500000_20260209_101035,1000,1000000,10000,960,1,10,10,500000,135.648043,85.269592,1.557085,76.666054,0.55763,0.286834,0.146441,,
PQ,gist,/data/cpanourg/2-hdvc/results/relerr_cpp/pq/gist/subq5_nbits8_train500000_20260209_101145,1000,1000000,10000,960,5,8,40,500000,227.518246,62.583529,4.5334,74.015776,0.513155,0.269034,0.125641,,
PQ,gist,/data/cpanourg/2-hdvc/results/relerr_cpp/pq/gist/subq5_nbits6_train500000_20260209_101149,1000,1000000,10000,960,5,6,30,500000,256.858976,36.953738,3.545185,75.98596,1.780541,0.292545,0.133696,,
PQ,gist,/data/cpanourg/2-hdvc/results/relerr_cpp/pq/gist/subq5_nbits10_train500000_20260209_101212,1000,1000000,10000,960,5,10,50,500000,255.137598,63.958082,4.592679,70.133898,2.444713,0.249079,0.118202,,
PQ,gist,/data/cpanourg/2-hdvc/results/relerr_cpp/pq/gist/subq8_nbits8_train500000_20260209_101245,1000,1000000,10000,960,8,8,64,500000,312.690107,52.631723,5.773449,58.124389,0.590386,0.25619,0.119487,,
PQ,gist,/data/cpanourg/2-hdvc/results/relerr_cpp/pq/gist/subq8_nbits6_train500000_20260209_101247,1000,1000000,10000,960,8,6,48,500000,309.688977,55.911515,4.419362,60.031403,1.016427,0.281541,0.128517,,
PQ,gist,/data/cpanourg/2-hdvc/results/relerr_cpp/pq/gist/subq5_nbits12_train500000_20260209_101319,1000,1000000,10000,960,5,12,60,500000,257.462412,136.46399,5.501972,61.933688,2.494762,0.231337,0.11257,,
PQ,gist,/data/cpanourg/2-hdvc/results/relerr_cpp/pq/gist/subq20_nbits8_train500000_20260209_101326,1000,1000000,10000,960,20,8,160,500000,340.720273,66.836957,11.669949,48.838561,1.438101,0.206557,0.099959,,
PQ,gist,/data/cpanourg/2-hdvc/results/relerr_cpp/pq/gist/subq20_nbits4_train500000_20260209_101331,1000,1000000,10000,960,20,4,80,500000,369.905188,53.081008,5.413823,45.508731,3.037878,0.274195,0.123753,,
PQ,gist,/data/cpanourg/2-hdvc/results/relerr_cpp/pq/gist/subq20_nbits6_train500000_20260209_101337,1000,1000000,10000,960,20,6,120,500000,363.467388,65.356118,5.477151,45.241503,3.579014,0.235975,0.111773,,
PQ,gist,/data/cpanourg/2-hdvc/results/relerr_cpp/pq/gist/subq12_nbits6_train500000_20260209_101406,1000,1000000,10000,960,12,6,72,500000,395.350058,49.514033,4.442683,58.446651,2.261585,0.261574,0.121578,,
PQ,gist,/data/cpanourg/2-hdvc/results/relerr_cpp/pq/gist/subq12_nbits12_train500000_20260209_101630,1000,1000000,10000,960,12,12,144,500000,410.481778,180.866176,8.117275,49.501838,4.746161,0.193018,0.096546,,
PQ,gist,/data/cpanourg/2-hdvc/results/relerr_cpp/pq/gist/subq40_nbits6_train500000_20260209_101939,1000,1000000,10000,960,40,6,240,500000,692.060599,79.055534,11.450011,55.714552,5.718337,0.199237,0.099107,,
PQ,gist,/data/cpanourg/2-hdvc/results/relerr_cpp/pq/gist/subq40_nbits4_train500000_20260209_102005,1000,1000000,10000,960,40,4,160,500000,699.101016,89.064419,10.895939,62.680097,6.456209,0.244274,0.113708,,
PQ,gist,/data/cpanourg/2-hdvc/results/relerr_cpp/pq/gist/subq60_nbits4_train500000_20260209_102034,1000,1000000,10000,960,60,4,240,500000,727.32931,120.337216,10.76192,33.7604,7.090154,0.224974,0.109867,,
PQ,gist,/data/cpanourg/2-hdvc/results/relerr_cpp/pq/gist/subq60_nbits6_train500000_20260209_102246,1000,1000000,10000,960,60,6,360,500000,891.492934,91.384947,7.934111,34.986623,5.170144,0.176064,0.094376,,
PQ,gist,/data/cpanourg/2-hdvc/results/relerr_cpp/pq/gist/subq80_nbits6_train500000_20260209_102346,1000,1000000,10000,960,80,6,480,500000,1031.948418,27.118113,0.043846,26.963976,5.886168,0.155178,0.086515,,
PQ,gist,/data/cpanourg/2-hdvc/results/relerr_cpp/pq/gist/subq80_nbits4_train500000_20260209_102353,1000,1000000,10000,960,80,4,320,500000,1047.872844,20.60529,0.064433,23.400511,7.134578,0.206602,0.104775,,
PQ,gist,/data/cpanourg/2-hdvc/results/relerr_cpp/pq/gist/subq40_nbits12_train500000_20260209_102401,1000,1000000,10000,960,40,12,480,500000,685.027972,379.278132,11.570034,21.707814,7.129698,0.121186,0.066713,,
PQ,gist,/data/cpanourg/2-hdvc/results/relerr_cpp/pq/gist/subq120_nbits4_train500000_20260209_102509,1000,1000000,10000,960,120,4,480,500000,1140.827021,10.152843,0.039716,17.642314,5.454954,0.170117,0.097841,,
PQ,gist,/data/cpanourg/2-hdvc/results/relerr_cpp/pq/gist/subq120_nbits6_train500000_20260209_102601,1000,1000000,10000,960,120,6,720,500000,1185.090431,22.136111,0.076773,14.707649,5.108294,0.116904,0.07534,,
PQ,gist,/data/cpanourg/2-hdvc/results/relerr_cpp/pq/gist/subq480_nbits4_train500000_20260209_104109,1000,1000000,10000,960,480,4,1920,500000,2100.817848,11.105535,0.031452,11.856846,11.488569,0.042593,0.048809,,
PQ,gist,/data/cpanourg/2-hdvc/results/relerr_cpp/pq/gist/subq480_nbits6_train500000_20260209_104109,1000,1000000,10000,960,480,6,2880,500000,2081.763773,26.753436,0.24478,11.919105,14.543385,0.01891,0.024991,,
PQ,gist,/data/cpanourg/2-hdvc/results/relerr_cpp/pq/gist/subq960_nbits4_train500000_20260209_125441,1000,1000000,10000,960,960,4,3840,500000,3607.890234,15.589007,0.074915,12.520693,23.933152,0.014804,0.02628,,
PQ,gist,/data/cpanourg/2-hdvc/results/relerr_cpp/pq/gist/subq8_nbits12_train500000_20260209_155044,1000,1000000,10000,960,8,12,96,500000,36.606511,36.688791,1.478962,14.011743,0.634657,0.216376,0.105355,,
PQ,gist,/data/cpanourg/2-hdvc/results/relerr_cpp/pq/gist/subq8_nbits12_train500000_20260209_155124,1000,1000000,10000,960,8,12,96,500000,48.122278,32.294397,1.346613,12.154017,0.539644,0.216376,0.105355,,
PQ,gist,/data/cpanourg/2-hdvc/results/relerr_cpp/pq/gist/subq60_nbits12_train500000_20260209_155642,1000,1000000,10000,960,60,12,720,500000,196.092656,225.080884,11.945809,10.872236,4.90137,0.095909,0.059118,,
PQ,gist,/data/cpanourg/2-hdvc/results/relerr_cpp/pq/gist/subq60_nbits12_train500000_20260209_155706,1000,1000000,10000,960,60,12,720,500000,197.174479,218.217908,7.602989,11.021511,4.416619,0.095909,0.059118,,
