method,dataset,M,nbits,bits_per_vector,train_size,nq,nb,nb_sample,dim,n_centroids,n_exports,train_time_s,encoding_time_s,distance_table_time_s,cdist_time_s,adc_time_s_mean,adc_time_s_std,per_pair_adc_time_ns_mean,per_pair_adc_time_ns_std,rel_error_count,rel_error_mean,rel_error_mean_std_across_exports,rel_error_std,rel_error_min,rel_error_max
PQ,bigann,1,4,4,1000000,1000,1000000.0,10000,128,16,3,15.188994333333333,1.9691936666666667,0.15551,2.235206,0.04045327007770536,0.0010763228323693629,4.045327007770538,0.10763228323693684,10000000,0.3588327534369455,0.0,0.1262681342763017,4.775866955242236e-07,31.348114013671875
PQ,bigann,1,6,6,1000000,1000,1000000.0,10000,128,64,1,15.668067,2.790108,0.180093,2.675483,0.0412132143974304,0.0,4.121321439743042,0.0,10000000,0.3079697654979403,0.0,0.1200751304383118,0.0,12.137425422668455
PQ,bigann,1,8,8,1000000,1000,1000000.0,10000,128,256,1,16.101025,3.80477,0.352052,4.995406,0.0122105777263641,0.0,1.2210577726364136,0.0,10000000,0.2682500397673383,0.0,0.1147779863330713,1.395593898223524e-07,7.096811294555664
PQ,bigann,2,4,8,1000000,1000,1000000.0,10000,128,16,2,28.077164500000002,2.840142,0.2668535,2.3372235000000003,0.07300001755356786,0.0006355375970518202,7.300001755356789,0.0635537597051835,10000000,0.3246518972791269,0.0,0.1108490305562929,0.0,16.453447341918945
PQ,bigann,1,10,10,1000000,1000,1000000.0,10000,128,1024,1,30.592625,8.631926,0.642659,5.11246,0.0635789781808853,0.0,6.357897818088532,0.0,10000000,0.2358422042257479,0.0,0.1092095114849413,0.0,3.607823610305786
PQ,bigann,1,12,12,1000000,1000,1000000.0,10000,128,4096,1,47.152634,19.595077,0.979692,7.240724,0.0712499022483825,0.0,7.124990224838257,0.0,10000000,0.2081784939018915,0.0,0.1036716773569844,0.0,2.284332036972046
PQ,bigann,2,6,12,1000000,1000,1000000.0,10000,128,64,1,26.082186,3.290119,0.227756,2.972971,0.073850966989994,0.0,7.385096698999405,0.0,10000000,0.2614395754888739,0.0,0.1025229807299071,1.4602395026486192e-07,11.534152030944824
PQ,bigann,2,8,16,1000000,1000,1000000.0,10000,128,256,1,39.448539,9.103866,1.806987,6.412626,0.0173895508050918,0.0,1.7389550805091858,0.0,10000000,0.2164413100834669,0.0,0.0953053015905386,5.671369081028388e-07,6.265950679779053
PQ,bigann,4,4,16,1000000,1000,1000000.0,10000,128,16,2,39.1405425,4.305333,0.398552,2.0576975,0.11593312397599215,0.002279570253628362,11.59331239759922,0.2279570253628425,10000000,0.2860005776091385,0.0,0.0994854787477557,2.237384677528098e-07,16.67038917541504
PQ,bigann,2,10,20,1000000,1000,1000000.0,10000,128,1024,1,71.524393,14.353699,1.554513,7.066565,0.0982531681656837,0.0,9.825316816568376,0.0,10000000,0.1815959021113599,0.0,0.0883603641377822,0.0,3.8602683544158936
PQ,bigann,2,12,24,1000000,1000,1000000.0,10000,128,4096,1,80.585589,32.204663,1.660253,5.764956,0.1347248554229736,0.0,13.472485542297363,0.0,10000000,0.1529256704704363,0.0,0.0814918960330137,6.715779932164878e-08,1.281301975250244
PQ,bigann,4,6,24,1000000,1000,1000000.0,10000,128,64,1,36.596362,5.037054,0.500774,2.781551,0.1455358564853668,0.0,14.553585648536682,0.0,10000000,0.2160588801467903,0.0,0.0896595187821082,9.857795646439629e-08,9.598979949951172
PQ,bigann,4,8,32,1000000,1000,1000000.0,10000,128,256,1,71.441286,15.086978,2.305776,6.796291,0.0172318965196609,0.0,1.723189651966095,0.0,10000000,0.1672704271924828,0.0,0.0795382470026719,2.216084169504029e-07,4.242801666259766
PQ,bigann,8,4,32,1000000,1000,1000000.0,10000,128,16,2,62.481434,6.808357,0.7486325,2.0378615,0.210394587367773,0.0024364513604981206,21.039458736777306,0.24364513604980814,10000000,0.2111945811964542,0.0,0.0873297122671846,0.0,14.377936363220217
PQ,bigann,4,10,40,1000000,1000,1000000.0,10000,128,1024,1,95.536834,23.915262,2.586654,6.131965,0.1865668892860412,0.0,18.65668892860413,0.0,10000000,0.1323455884802493,0.0,0.0709780201661298,0.0,1.845224380493164
PQ,bigann,4,12,48,1000000,1000,1000000.0,10000,128,4096,1,104.662513,45.146934,2.772224,5.600425,0.2437510639429092,0.0,24.375106394290924,0.0,10000000,0.1065959727140175,0.0,0.0629044540230271,0.0,1.1561273336410522
PQ,bigann,8,6,48,1000000,1000,1000000.0,10000,128,64,1,60.784938,6.813414,0.738542,2.348607,0.2474115714430809,0.0,24.74115714430809,0.0,10000000,0.140920316426488,0.0,0.0735570142690617,0.0,7.953995704650879
PQ,bigann,8,8,64,1000000,1000,1000000.0,10000,128,256,1,115.121563,22.459617,3.381416,5.564225,0.0363317504525184,0.0,3.6331750452518463,0.0,10000000,0.0998262008602986,0.0,0.0599280326353735,1.97065773477334e-07,3.659070253372192
PQ,bigann,16,4,64,1000000,1000,1000000.0,10000,128,16,2,102.98849100000001,1.8375029999999999,0.0306325,1.58587,0.39380912110209465,0.008657874109736683,39.380912110209465,0.8657874109736682,10000000,0.1317283405491265,0.0,0.0735001581374762,0.0,6.890106201171875
PQ,bigann,8,10,80,1000000,1000,1000000.0,10000,128,1024,1,153.17969,31.61925,3.987132,4.572852,0.3475458472967148,0.0,34.75458472967148,0.0,10000000,0.0747853323085854,0.0,0.0490782191817669,0.0,2.1730968952178955
PQ,bigann,8,12,96,1000000,1000,1000000.0,10000,128,4096,1,163.332606,78.671796,4.150342,4.815703,0.4726342931389808,0.0,47.26342931389809,0.0,10000000,0.057824924480234,0.0,0.0402405588421766,0.0,0.5578828454017639
PQ,bigann,16,6,96,1000000,1000,1000000.0,10000,128,64,1,98.790807,3.437537,0.03218,2.134047,0.4825507998466491,0.0,48.25507998466492,0.0,10000000,0.0798568861161187,0.0,0.0524077891269961,0.0,3.1304614543914795
PQ,bigann,16,8,128,1000000,1000,1000000.0,10000,128,256,1,208.205716,19.749391,0.11725,4.577228,0.0640075653791427,0.0,6.400756537914276,0.0,10000000,0.0527710386884243,0.0,0.0382216912503877,0.0,1.4851281642913818
PQ,bigann,32,4,128,1000000,1000,1000000.0,10000,128,16,2,163.5973335,1.4151595000000001,0.019405,1.4358695,0.8524017408490181,0.004894408150448846,85.24017408490181,0.4894408150448847,10000000,0.080919294959958,0.0,0.0527264498382094,0.0,4.676690101623535
PQ,bigann,16,10,160,1000000,1000,1000000.0,10000,128,1024,1,239.677014,65.296343,0.162393,4.104642,0.6730640307068825,0.0,67.30640307068825,0.0,10000000,0.0361142288562905,0.0,0.0273076492655135,0.0,0.4090458452701568
PQ,bigann,16,12,192,1000000,1000,1000000.0,10000,128,4096,1,235.778125,198.279122,0.480463,3.857603,1.050182230770588,0.0,105.0182230770588,0.0,10000000,0.0258541918086074,0.0,0.0202891245238945,0.0,0.4805522859096527
PQ,bigann,32,6,192,1000000,1000,1000000.0,10000,128,64,1,162.399035,2.889704,0.011856,1.388775,1.003157503902912,0.0,100.3157503902912,0.0,10000000,0.0436935606000032,0.0,0.0329876182068758,0.0,2.279263496398926
PQ,bigann,32,8,256,1000000,1000,1000000.0,10000,128,256,1,393.032972,23.889699,0.117925,4.495391,0.1248986199498176,0.0,12.489861994981766,0.0,10000000,0.0269423622067708,0.0,0.0224033453222302,0.0,1.0952740907669067
PQ,bigann,64,4,256,1000000,1000,1000000.0,10000,128,16,2,282.0747805,1.4022885,0.0120985,1.2739665,1.604451633989811,0.001178468031213108,160.4451633989811,0.11784680312131081,10000000,0.046430338264998,0.0,0.035656531274423,0.0,2.241002321243286
PQ,bigann,32,10,320,1000000,1000,1000000.0,10000,128,1024,1,420.783897,73.287665,0.362437,2.283194,1.39575707167387,0.0,139.575707167387,0.0,10000000,0.0168145391729923,0.0,0.0143392524703413,0.0,0.3265804350376129
PQ,bigann,32,12,384,1000000,1000,1000000.0,10000,128,4096,1,439.655245,171.566115,0.663079,2.509168,2.0810305774211884,0.0,208.10305774211884,0.0,10000000,0.0110866878627297,0.0,0.0095604427100512,0.0,0.1615392863750457
PQ,bigann,64,6,384,1000000,1000,1000000.0,10000,128,64,1,267.203365,3.145489,0.015758,1.329496,1.8663016855716703,0.0,186.63016855716705,0.0,10000000,0.0235985500371434,0.0,0.0205379745520024,0.0,0.8067194223403931
PQ,bigann,64,8,512,1000000,1000,1000000.0,10000,128,256,1,671.960696,22.328741,0.126293,2.29027,0.3103126287460327,0.0,31.031262874603275,0.0,10000000,0.0113045268479987,0.0,0.0103776105084064,0.0,0.2624116837978363
PQ,bigann,128,4,512,1000000,1000,1000000.0,10000,128,16,1,421.915218,1.620116,0.008005,1.076058,3.1221500039100647,0.0,312.21500039100647,0.0,10000000,0.019429381438848,0.0,0.0190672774170505,0.0,0.5265551805496216
PQ,bigann,64,10,640,1000000,1000,1000000.0,10000,128,1024,1,645.474761,52.061578,0.235436,1.78165,2.769399739801884,0.0,276.9399739801884,0.0,10000000,0.0054777484690027,0.0,0.0050178133979731,0.0,0.1687030792236328
PQ,bigann,64,12,768,1000000,1000,1000000.0,10000,128,4096,1,751.847474,151.389381,0.886905,1.518797,4.399119324982166,0.0,439.91193249821663,0.0,10000000,0.0024299267714147,0.0,0.0023797090648535,0.0,0.0850900113582611
PQ,bigann,128,6,768,1000000,1000,1000000.0,10000,128,64,1,325.474378,3.975937,0.025865,1.079765,3.624225713312626,0.0,362.4225713312626,0.0,10000000,0.0053012604548767,0.0,0.0062005855400311,0.0,0.2424498349428177
PQ,bigann,128,8,1024,1000000,1000,1000000.0,10000,128,256,1,973.734999,13.961192,0.121156,1.316686,0.7044340968132019,0.0,70.44340968132019,0.0,10000000,0.0007155891776628,0.0,0.0016003501465499,0.0,0.142402708530426
PQ,bigann,128,10,1280,1000000,1000,1000000.0,10000,128,1024,1,1036.721989,46.492371,0.317371,1.116151,5.444862551987171,0.0,544.4862551987171,0.0,10000000,0.0001990426447984,0.0,0.0006066717228979,0.0,0.0607865713536739
PQ,bigann,128,12,1536,1000000,1000,1000000.0,10000,128,4096,1,2043.766225,166.816637,1.03732,1.09202,9.078937530517578,0.0,907.8937530517578,0.0,10000000,0.000116816625879,0.0,0.0002142543042999,0.0,0.0171130858361721
